-- phpMyAdmin SQL Dump
-- version 5.2.1
-- https://www.phpmyadmin.net/
--
-- Host: 127.0.0.1
-- Generation Time: Feb 12, 2024 at 10:34 PM
-- Server version: 10.4.28-MariaDB
-- PHP Version: 8.0.28

SET SQL_MODE = "NO_AUTO_VALUE_ON_ZERO";
START TRANSACTION;
SET time_zone = "+00:00";


/*!40101 SET @OLD_CHARACTER_SET_CLIENT=@@CHARACTER_SET_CLIENT */;
/*!40101 SET @OLD_CHARACTER_SET_RESULTS=@@CHARACTER_SET_RESULTS */;
/*!40101 SET @OLD_COLLATION_CONNECTION=@@COLLATION_CONNECTION */;
/*!40101 SET NAMES utf8mb4 */;

--
-- Database: `salabahter`
--

-- --------------------------------------------------------

--
-- Table structure for table `gradovi`
--

CREATE TABLE `gradovi` (
  `grad_id` int(11) NOT NULL,
  `naziv_grada` varchar(255) DEFAULT NULL,
  `zupanija_id` int(11) DEFAULT NULL,
  `postanski_broj` int(11) NOT NULL
) ENGINE=InnoDB DEFAULT CHARSET=utf8mb4 COLLATE=utf8mb4_general_ci;

--
-- Dumping data for table `gradovi`
--

INSERT INTO `gradovi` (`grad_id`, `naziv_grada`, `zupanija_id`, `postanski_broj`) VALUES
(258, 'Zagreb', 129, 10000),
(259, 'Bjelovar', 142, 43000),
(260, 'Daruvar', 142, 43500),
(261, 'Gare코nica', 142, 43280),
(262, '캛azma', 142, 43240),
(263, 'Grubi코no Polje', 142, 43290),
(264, 'Slavonski Brod', 134, 35000),
(265, 'Nova Gradi코ka', 134, 35400),
(266, 'Dubrovnik', 141, 20000),
(267, 'Metkovi캖', 141, 20350),
(268, 'Plo캜e', 141, 20340),
(269, 'Kor캜ula', 141, 20260),
(270, 'Opuzen', 141, 20355),
(271, 'Pula', 137, 52100),
(272, 'Pore캜', 137, 52440),
(273, 'Rovinj', 137, 52210),
(274, 'Umag', 137, 52470),
(275, 'Labin', 137, 52220),
(276, 'Pazin', 137, 52000),
(277, 'Buzet', 137, 52420),
(278, 'Vodnjan', 137, 52215),
(279, 'Buje', 137, 52460),
(280, 'Novigrad', 137, 52466),
(281, 'Karlovac', 136, 47000),
(282, 'Ogulin', 136, 47300),
(283, 'Duga Resa', 136, 47250),
(284, 'Ozalj', 136, 47280),
(285, 'Slunj', 136, 47240),
(286, 'Koprivnica', 144, 48000),
(287, 'Kri쬰vci', 144, 48260),
(288, '캟ur캠evac', 144, 48350),
(289, 'Krapina', 148, 49000),
(290, 'Zabok', 148, 49210),
(291, 'Pregrada', 148, 49218),
(292, 'Zlatar', 148, 49250),
(293, 'Oroslavje', 148, 49243),
(294, 'Donja Stubica', 148, 49240),
(295, 'Klanjec', 148, 49290),
(296, 'Gospi캖', 147, 53000),
(297, 'Oto캜ac', 147, 53220),
(298, 'Senj', 147, 53270),
(299, 'Novalja', 147, 53291),
(300, '캛akovec', 145, 40000),
(301, 'Prelog', 145, 40323),
(302, 'Mursko Sredi코캖e', 145, 40315),
(303, 'Osijek', 132, 31000),
(304, '캟akovo', 132, 31400),
(305, 'Na코ice', 132, 31500),
(306, 'Valpovo', 132, 31550),
(307, 'Beli코캖e', 132, 31551),
(308, 'Beli Manastir', 132, 31300),
(309, 'Donji Miholjac', 132, 31540),
(310, 'Po쬰ga', 146, 34000),
(311, 'Pleternica', 146, 34310),
(312, 'Pakrac', 146, 34550),
(313, 'Kutjevo', 146, 34340),
(314, 'Lipik', 146, 34551),
(315, 'Rijeka', 131, 51000),
(316, 'Opatija', 131, 51410),
(317, 'Crikvenica', 131, 51260),
(318, 'Rab', 131, 51280),
(319, 'Kastav', 131, 51215),
(320, 'Mali Lo코inj', 131, 51550),
(321, 'Bakar', 131, 51222),
(322, 'Delnice', 131, 51300),
(323, 'Vrbovsko', 131, 51326),
(324, 'Krk', 131, 51500),
(325, 'Novi Vinodolski', 131, 51250),
(326, 'Kraljevica', 131, 51262),
(327, '캛abar', 131, 51306),
(328, 'Cres', 131, 51557),
(329, '말benik', 139, 22000),
(330, 'Knin', 139, 22300),
(331, 'Vodice', 139, 22211),
(332, 'Drni코', 139, 22320),
(333, 'Skradin', 139, 22222),
(334, 'Sisak', 138, 44000),
(335, 'Kutina', 138, 44320),
(336, 'Petrinja', 138, 44250),
(337, 'Novska', 138, 44330),
(338, 'Glina', 138, 44400),
(339, 'Hrvatska Kostajnica', 138, 44430),
(340, 'Split', 130, 21000),
(341, 'Ka코tela', 130, 21212),
(342, 'Sinj', 130, 21230),
(343, 'Solin', 130, 21210),
(344, 'Omi코', 130, 21310),
(345, 'Makarska', 130, 21300),
(346, 'Trogir', 130, 21220),
(347, 'Trilj', 130, 21240),
(348, 'Imotski', 130, 21260),
(349, 'Vrgorac', 130, 21276),
(350, 'Hvar', 130, 21450),
(351, 'Supetar', 130, 21400),
(352, 'Stari Grad', 130, 21460),
(353, 'Vrlika', 130, 21236),
(354, 'Vis', 130, 21480),
(355, 'Komi쬬', 130, 21485),
(356, 'Vara쬯in', 140, 42000),
(357, 'Ivanec', 140, 42240),
(358, 'Novi Marof', 140, 42220),
(359, 'Lepoglava', 140, 42250),
(360, 'Ludbreg', 140, 42230),
(361, 'Vara쬯inske Toplice', 140, 42223),
(362, 'Virovitica', 149, 33000),
(363, 'Slatina', 149, 33520),
(364, 'Orahovica', 149, 33515),
(365, 'Vinkovci', 143, 32100),
(366, 'Vukovar', 143, 32000),
(367, '콯upanja', 143, 32270),
(368, 'Ilok', 143, 32236),
(369, 'Otok', 143, 32252),
(370, 'Zadar', 133, 23000),
(371, 'Benkovac', 133, 23420),
(372, 'Biograd na Moru', 133, 23210),
(373, 'Nin', 133, 23232),
(374, 'Pag', 133, 23250),
(375, 'Obrovac', 133, 23450),
(376, 'Velika Gorica', 135, 10410),
(377, 'Samobor', 135, 10430),
(378, 'Zapre코i캖', 135, 10290),
(379, 'Jastrebarsko', 135, 10450),
(380, 'Sveti Ivan Zelina', 135, 10380),
(381, 'Sveta Nedelja', 135, 10431),
(382, 'Ivani캖 Grad', 135, 10310),
(383, 'Vrbovec', 135, 10340),
(384, 'Dugo Selo', 135, 10370);

-- --------------------------------------------------------

--
-- Table structure for table `instruktori`
--

CREATE TABLE `instruktori` (
  `instruktor_id` int(11) NOT NULL,
  `korisnik_id` int(11) DEFAULT NULL,
  `opisInstruktora` varchar(255) DEFAULT NULL,
  `autentikacija` varchar(255) NOT NULL
) ENGINE=InnoDB DEFAULT CHARSET=utf8mb4 COLLATE=utf8mb4_general_ci;

--
-- Dumping data for table `instruktori`
--

INSERT INTO `instruktori` (`instruktor_id`, `korisnik_id`, `opisInstruktora`, `autentikacija`) VALUES
(39, 21, 'U캜enik Tehni캜ke Srednje 맒ole 캛akovec', 'autentikacija/65c4bc5c6281f_SKRIPTAB.pdf'),
(40, 23, 'Dr쬬vni prvak u hrvatskom jeziku', 'autentikacija/65c4bd1c44f1d_2.pdf'),
(41, 22, 'Zavr코io sam PMF i radio kao profesor 5 godina na fakultetu', 'autentikacija/65c4bcc9b8733_Sigurnost Crypto Walleta.pdf'),
(43, 24, 'Profesor Tehni캜ke Srednje 맒ole 캛akovec', 'autentikacija/65c4d95972a07_raspored.pdf'),
(44, 25, 'Profesor iz matematike studirao na FERu ', 'autentikacija/65c4f749856c0_Hacknite_dokument-v1.pdf'),
(45, 26, 'U캜enik Tehni캜ke Srednje 맒ole 캛akovec', 'autentikacija/65c5371d5503c_raspored.pdf');

-- --------------------------------------------------------

--
-- Table structure for table `instruktorovipredmeti`
--

CREATE TABLE `instruktorovipredmeti` (
  `id` int(11) NOT NULL,
  `instruktor_id` int(11) NOT NULL,
  `predmet_id` int(11) NOT NULL
) ENGINE=InnoDB DEFAULT CHARSET=utf8mb4 COLLATE=utf8mb4_general_ci;

--
-- Dumping data for table `instruktorovipredmeti`
--

INSERT INTO `instruktorovipredmeti` (`id`, `instruktor_id`, `predmet_id`) VALUES
(44, 39, 8),
(45, 39, 13),
(46, 40, 11),
(47, 41, 13),
(48, 41, 11),
(49, 41, 12),
(52, 43, 8),
(53, 43, 13),
(54, 43, 10),
(55, 44, 8),
(56, 44, 13),
(57, 45, 12),
(58, 45, 10),
(59, 45, 11),
(60, 45, 13),
(61, 45, 9),
(62, 45, 8);

-- --------------------------------------------------------

--
-- Table structure for table `korisnik`
--

CREATE TABLE `korisnik` (
  `korisnik_id` int(11) NOT NULL,
  `ime` varchar(50) DEFAULT NULL,
  `prezime` varchar(50) DEFAULT NULL,
  `email` varchar(100) DEFAULT NULL,
  `lozinka` varchar(255) DEFAULT NULL,
  `adresa` varchar(255) DEFAULT NULL,
  `mjesto` int(5) DEFAULT NULL,
  `datum_rodenja` date DEFAULT NULL,
  `slika_korisnika` varchar(255) DEFAULT NULL,
  `status_korisnika` int(20) DEFAULT NULL,
  `isAdmin` tinyint(1) NOT NULL
) ENGINE=InnoDB DEFAULT CHARSET=utf8mb4 COLLATE=utf8mb4_general_ci;

--
-- Dumping data for table `korisnik`
--

INSERT INTO `korisnik` (`korisnik_id`, `ime`, `prezime`, `email`, `lozinka`, `adresa`, `mjesto`, `datum_rodenja`, `slika_korisnika`, `status_korisnika`, `isAdmin`) VALUES
(13, 'Antonio', 'Ivanovi캖', 'tonco@ivanovic.com', '$2y$10$v2Tb7NnSPAOAbVTqR3uIOepOOLzC9YfkKgNDZQro6peXJ3X3CCitS', 'Skolska 3', 258, '0000-00-00', NULL, 5, 1),
(17, 'Proba', 'Probica', 'noaturkk@gmail.com', '$2y$10$CF1obYNKNAXTNq.BRKkU5eqfDoOopMGscu/7K.y067VAcBSaExQM.', 'IStarska', 258, '0000-00-00', NULL, 5, 0),
(20, 'Bruno', 'Miklin', 'bruno@miklin.com', '$2y$10$13iQE7Q1iSLlPAw4dJTQ/el.fiEddyaMJpf8/WUYUXKhNFlyvKTNG', 'Gajeva', 276, '0000-00-00', NULL, 2, 0),
(21, 'Ivek', 'Magdalenic', 'ivek@ivek.com', '$2y$10$VwmqsCGpgWdTkK1/f3wvf.PAWtGXGCQIO63VrMJzZP2TJJ68tFNZ2', 'Gradska 6', 300, '0000-00-00', NULL, 1, 0),
(22, 'Noa', 'Turk', 'noa@noa', '$2y$10$ZIRi7qZj4XChFI0Ed/L5S.Ak/edDcHRF6icWMDFBjd6jvZsnfLCZC', '캛akovec', 274, '0000-00-00', NULL, 3, 0),
(23, 'Floki', 'Gotal', 'floki@floki', '$2y$10$fLuNASWv5pPeB7ctKpkuOu0a.ViQxkP7QbsZQ2wbyETd8Cm0grfu2', 'Kralja Tomislava 15', 300, '0000-00-00', NULL, 2, 0),
(24, 'Damir', 'Ivanovic', 'damir@damir', '$2y$10$gEe.LmMqZe.1ZWTrRDsAWelxnzqAYus2CLMrO6G.l8wzQwxYTvj5O', '맒olska 2', 279, '0000-00-00', NULL, 3, 0),
(25, 'Tono', 'Ivanovic', 'a@a', '$2y$10$35kKpYbJmoQe/G3/OG6XouOfaX6ivG9anj6kqOqrRiwkCLqGviD5S', 'Srednja ulica', 300, '0000-00-00', NULL, 2, 0),
(26, 'Vito', 'List', 'vito@vito', '$2y$10$gquOq2ebVQjtLFYxgDA5Y.8pyX08KKdndPDm9mgeFQC/Jj4.IC2i2', '맒olska 2', 300, '0000-00-00', NULL, 3, 0),
(27, 'Mico', 'Miceal', 'mico@mico', '$2y$10$9E5cC/wAIl7C1XVV3HTlQunCdZfDhBRO5Ies4bp6BJxFaKQhG9GzG', 'Strukovec', 270, '0000-00-00', NULL, 2, 0),
(28, 'Florijan', 'Gotal', 'sunindark00@gmail.com', '$2y$10$STQBu1Cikfkd.q7EpybUeeljBnvZxnTZlMTyu0YFD2UKxiUisA/xG', '맗i캜kovina', 300, '0000-00-00', NULL, 2, 0);

-- --------------------------------------------------------

--
-- Table structure for table `predmeti`
--

CREATE TABLE `predmeti` (
  `predmet_id` int(11) NOT NULL,
  `naziv_predmeta` varchar(255) DEFAULT NULL,
  `predmet_boja` varchar(255) NOT NULL
) ENGINE=InnoDB DEFAULT CHARSET=utf8mb4 COLLATE=utf8mb4_general_ci;

--
-- Dumping data for table `predmeti`
--

INSERT INTO `predmeti` (`predmet_id`, `naziv_predmeta`, `predmet_boja`) VALUES
(8, 'Matematika', '#A3CB38'),
(9, 'Kemija', '#10ac84'),
(10, 'Fizika', '#feca57'),
(11, 'Hrvatski jezik', '#0abde3'),
(12, 'Biologija', '#ff9ff3'),
(13, 'Informatika', '#01a3a4');

-- --------------------------------------------------------

--
-- Table structure for table `predmetizahtjeva`
--

CREATE TABLE `predmetizahtjeva` (
  `predmetiZahtjeva_id` int(11) NOT NULL,
  `zahtjev_id` int(11) NOT NULL,
  `predmet_id` int(11) NOT NULL
) ENGINE=InnoDB DEFAULT CHARSET=utf8mb4 COLLATE=utf8mb4_general_ci;

--
-- Dumping data for table `predmetizahtjeva`
--

INSERT INTO `predmetizahtjeva` (`predmetiZahtjeva_id`, `zahtjev_id`, `predmet_id`) VALUES
(54, 54, 10),
(55, 54, 8),
(56, 54, 11);

-- --------------------------------------------------------

--
-- Table structure for table `prijavarecenzije`
--

CREATE TABLE `prijavarecenzije` (
  `prijava_id` int(11) NOT NULL,
  `prijavljenaRecenzija` int(11) NOT NULL,
  `prijavioKorisnik` int(11) NOT NULL,
  `opisPrijave` varchar(255) NOT NULL
) ENGINE=InnoDB DEFAULT CHARSET=utf8mb4 COLLATE=utf8mb4_general_ci;

--
-- Dumping data for table `prijavarecenzije`
--

INSERT INTO `prijavarecenzije` (`prijava_id`, `prijavljenaRecenzija`, `prijavioKorisnik`, `opisPrijave`) VALUES
(18, 11, 13, 'Losa ocjena 1'),
(19, 12, 13, 'Losa ocjena 2');

-- --------------------------------------------------------

--
-- Table structure for table `recenzije`
--

CREATE TABLE `recenzije` (
  `recenzija_id` int(11) NOT NULL,
  `ocjena` int(1) NOT NULL,
  `komentar` varchar(255) NOT NULL,
  `odKorisnika` int(11) NOT NULL,
  `zaKorisnika` int(11) NOT NULL
) ENGINE=InnoDB DEFAULT CHARSET=utf8mb4 COLLATE=utf8mb4_general_ci;

--
-- Dumping data for table `recenzije`
--

INSERT INTO `recenzije` (`recenzija_id`, `ocjena`, `komentar`, `odKorisnika`, `zaKorisnika`) VALUES
(1, 5, 'adsad', 13, 26),
(2, 3, 'sdgsdg', 13, 26),
(3, 4, 'sdgsgsg', 13, 26),
(4, 4, 'sdgsgsg', 13, 26),
(5, 3, 'sdgsgsdg', 13, 26),
(7, 4, 'Mah', 13, 25),
(8, 5, 'Bazu updejtaj! 游땔', 13, 22),
(9, 4, 'Updejtam bazu!', 22, 25),
(10, 4, 'Dobar student i ucenik al nece da uci nista', 22, 20),
(11, 1, 'drsd', 13, 22),
(12, 2, 'drhdhdhdh', 13, 22);

-- --------------------------------------------------------

--
-- Table structure for table `skripte`
--

CREATE TABLE `skripte` (
  `skripta_id` int(11) NOT NULL,
  `predmet_id` int(11) NOT NULL,
  `naziv_skripte` varchar(255) NOT NULL,
  `opis_skripte` longtext NOT NULL,
  `broj_pregleda` int(11) NOT NULL,
  `datum_kreiranja` date NOT NULL,
  `skripta_putanja` varchar(255) NOT NULL,
  `korisnik_id` int(11) NOT NULL
) ENGINE=InnoDB DEFAULT CHARSET=utf8mb4 COLLATE=utf8mb4_general_ci;

--
-- Dumping data for table `skripte`
--

INSERT INTO `skripte` (`skripta_id`, `predmet_id`, `naziv_skripte`, `opis_skripte`, `broj_pregleda`, `datum_kreiranja`, `skripta_putanja`, `korisnik_id`) VALUES
(26, 8, ' ZBIRKA ZADATAKA IZ MATEMATIKE', 'Neki opis skripe', 11, '2024-02-09', 'skripte/65c694c526225_Matematika B.pdf', 22),
(27, 10, 'Nesto novo', 'Opet neka skripcia', 11, '2024-02-09', 'skripte/65c694ead94c7_Sigurnost Crypto Walleta.pdf', 22),
(28, 12, 'Opet neka skripta tako to znas bratko', 'Evo napokon se dela nadajmo se da bude', 4, '2024-02-09', 'skripte/65c69542e7fa3_savjeti_prezentacije_n3.pdf', 22);

-- --------------------------------------------------------

--
-- Table structure for table `statuskorisnika`
--

CREATE TABLE `statuskorisnika` (
  `status_id` int(11) NOT NULL,
  `status_naziv` varchar(50) DEFAULT NULL
) ENGINE=InnoDB DEFAULT CHARSET=utf8mb4 COLLATE=utf8mb4_general_ci;

--
-- Dumping data for table `statuskorisnika`
--

INSERT INTO `statuskorisnika` (`status_id`, `status_naziv`) VALUES
(1, 'U캜enik'),
(2, 'Student'),
(3, 'Profesor'),
(5, 'Admin');

-- --------------------------------------------------------

--
-- Table structure for table `zahtjevzainstruktora`
--

CREATE TABLE `zahtjevzainstruktora` (
  `zahtjev_id` int(11) NOT NULL,
  `korisnik_id` int(11) DEFAULT NULL,
  `status_id` int(11) DEFAULT NULL,
  `motivacija` varchar(255) NOT NULL,
  `opisInstruktora` varchar(255) NOT NULL,
  `autentikacija` varchar(255) DEFAULT NULL
) ENGINE=InnoDB DEFAULT CHARSET=utf8mb4 COLLATE=utf8mb4_general_ci;

--
-- Dumping data for table `zahtjevzainstruktora`
--

INSERT INTO `zahtjevzainstruktora` (`zahtjev_id`, `korisnik_id`, `status_id`, `motivacija`, `opisInstruktora`, `autentikacija`) VALUES
(54, 27, 2, 'Jer zelim pomoci drugima ', 'Profesor iz matematike studirao na FERu ', 'autentikacija/65c8f04a6b5dc_2.pdf');

-- --------------------------------------------------------

--
-- Table structure for table `zupanija`
--

CREATE TABLE `zupanija` (
  `zupanija_id` int(11) NOT NULL,
  `naziv_zupanije` varchar(255) DEFAULT NULL
) ENGINE=InnoDB DEFAULT CHARSET=utf8mb4 COLLATE=utf8mb4_general_ci;

--
-- Dumping data for table `zupanija`
--

INSERT INTO `zupanija` (`zupanija_id`, `naziv_zupanije`) VALUES
(129, 'Zagreb'),
(130, 'Splitsko-dalmatinska'),
(131, 'Primorsko-goranska'),
(132, 'Osje캜ko-baranjska'),
(133, 'Zadarska'),
(134, 'Brodsko-posavska'),
(135, 'Zagreba캜ka'),
(136, 'Karlova캜ka'),
(137, 'Istarska'),
(138, 'Sisa캜ko-moslava캜ka'),
(139, '말bensko-kninska'),
(140, 'Vara쬯inska'),
(141, 'Dubrova캜ko-neretvanska'),
(142, 'Bjelovarsko-bilogorska'),
(143, 'Vukovarsko-srijemska'),
(144, 'Koprivni캜ko-kri쬰va캜ka'),
(145, 'Me캠imurska'),
(146, 'Po쬰코ko-slavonska'),
(147, 'Li캜ko-senjska'),
(148, 'Krapinsko-zagorska'),
(149, 'Viroviti캜ko-podravska');

--
-- Indexes for dumped tables
--

--
-- Indexes for table `gradovi`
--
ALTER TABLE `gradovi`
  ADD PRIMARY KEY (`grad_id`),
  ADD KEY `zupanija_id` (`zupanija_id`);

--
-- Indexes for table `instruktori`
--
ALTER TABLE `instruktori`
  ADD PRIMARY KEY (`instruktor_id`),
  ADD UNIQUE KEY `korisnik_id_2` (`korisnik_id`),
  ADD KEY `korisnik_id` (`korisnik_id`);

--
-- Indexes for table `instruktorovipredmeti`
--
ALTER TABLE `instruktorovipredmeti`
  ADD PRIMARY KEY (`id`),
  ADD KEY `instruktor_id` (`instruktor_id`),
  ADD KEY `predmet_id` (`predmet_id`);

--
-- Indexes for table `korisnik`
--
ALTER TABLE `korisnik`
  ADD PRIMARY KEY (`korisnik_id`),
  ADD UNIQUE KEY `email` (`email`),
  ADD KEY `ime` (`ime`),
  ADD KEY `prezime` (`prezime`),
  ADD KEY `lozinka` (`lozinka`),
  ADD KEY `adresa` (`adresa`),
  ADD KEY `mjesto` (`mjesto`),
  ADD KEY `datum_rodenja` (`datum_rodenja`),
  ADD KEY `status_korisnika` (`status_korisnika`);

--
-- Indexes for table `predmeti`
--
ALTER TABLE `predmeti`
  ADD PRIMARY KEY (`predmet_id`),
  ADD UNIQUE KEY `naziv_predmeta_2` (`naziv_predmeta`),
  ADD KEY `naziv_predmeta` (`naziv_predmeta`);

--
-- Indexes for table `predmetizahtjeva`
--
ALTER TABLE `predmetizahtjeva`
  ADD PRIMARY KEY (`predmetiZahtjeva_id`),
  ADD KEY `FK_zahtjev` (`zahtjev_id`),
  ADD KEY `FK_predmet` (`predmet_id`);

--
-- Indexes for table `prijavarecenzije`
--
ALTER TABLE `prijavarecenzije`
  ADD PRIMARY KEY (`prijava_id`),
  ADD UNIQUE KEY `prijavljenaRecenzija` (`prijavljenaRecenzija`),
  ADD KEY `FK_prijavioKorisnik` (`prijavioKorisnik`);

--
-- Indexes for table `recenzije`
--
ALTER TABLE `recenzije`
  ADD PRIMARY KEY (`recenzija_id`),
  ADD KEY `ocjena` (`ocjena`),
  ADD KEY `komentar` (`komentar`),
  ADD KEY `instruktor_id` (`zaKorisnika`),
  ADD KEY `korisnik_id` (`odKorisnika`);

--
-- Indexes for table `skripte`
--
ALTER TABLE `skripte`
  ADD PRIMARY KEY (`skripta_id`),
  ADD KEY `korisnik_id` (`korisnik_id`),
  ADD KEY `predmet_id` (`predmet_id`);

--
-- Indexes for table `statuskorisnika`
--
ALTER TABLE `statuskorisnika`
  ADD PRIMARY KEY (`status_id`);

--
-- Indexes for table `zahtjevzainstruktora`
--
ALTER TABLE `zahtjevzainstruktora`
  ADD PRIMARY KEY (`zahtjev_id`),
  ADD KEY `status_id` (`status_id`),
  ADD KEY `korisnik_id` (`korisnik_id`);

--
-- Indexes for table `zupanija`
--
ALTER TABLE `zupanija`
  ADD PRIMARY KEY (`zupanija_id`);

--
-- AUTO_INCREMENT for dumped tables
--

--
-- AUTO_INCREMENT for table `gradovi`
--
ALTER TABLE `gradovi`
  MODIFY `grad_id` int(11) NOT NULL AUTO_INCREMENT, AUTO_INCREMENT=385;

--
-- AUTO_INCREMENT for table `instruktori`
--
ALTER TABLE `instruktori`
  MODIFY `instruktor_id` int(11) NOT NULL AUTO_INCREMENT, AUTO_INCREMENT=46;

--
-- AUTO_INCREMENT for table `instruktorovipredmeti`
--
ALTER TABLE `instruktorovipredmeti`
  MODIFY `id` int(11) NOT NULL AUTO_INCREMENT, AUTO_INCREMENT=63;

--
-- AUTO_INCREMENT for table `korisnik`
--
ALTER TABLE `korisnik`
  MODIFY `korisnik_id` int(11) NOT NULL AUTO_INCREMENT, AUTO_INCREMENT=29;

--
-- AUTO_INCREMENT for table `predmeti`
--
ALTER TABLE `predmeti`
  MODIFY `predmet_id` int(11) NOT NULL AUTO_INCREMENT, AUTO_INCREMENT=14;

--
-- AUTO_INCREMENT for table `predmetizahtjeva`
--
ALTER TABLE `predmetizahtjeva`
  MODIFY `predmetiZahtjeva_id` int(11) NOT NULL AUTO_INCREMENT, AUTO_INCREMENT=57;

--
-- AUTO_INCREMENT for table `prijavarecenzije`
--
ALTER TABLE `prijavarecenzije`
  MODIFY `prijava_id` int(11) NOT NULL AUTO_INCREMENT, AUTO_INCREMENT=20;

--
-- AUTO_INCREMENT for table `recenzije`
--
ALTER TABLE `recenzije`
  MODIFY `recenzija_id` int(11) NOT NULL AUTO_INCREMENT, AUTO_INCREMENT=13;

--
-- AUTO_INCREMENT for table `skripte`
--
ALTER TABLE `skripte`
  MODIFY `skripta_id` int(11) NOT NULL AUTO_INCREMENT, AUTO_INCREMENT=29;

--
-- AUTO_INCREMENT for table `zahtjevzainstruktora`
--
ALTER TABLE `zahtjevzainstruktora`
  MODIFY `zahtjev_id` int(11) NOT NULL AUTO_INCREMENT, AUTO_INCREMENT=55;

--
-- AUTO_INCREMENT for table `zupanija`
--
ALTER TABLE `zupanija`
  MODIFY `zupanija_id` int(11) NOT NULL AUTO_INCREMENT, AUTO_INCREMENT=150;

--
-- Constraints for dumped tables
--

--
-- Constraints for table `gradovi`
--
ALTER TABLE `gradovi`
  ADD CONSTRAINT `gradovi_ibfk_1` FOREIGN KEY (`zupanija_id`) REFERENCES `zupanija` (`zupanija_id`);

--
-- Constraints for table `instruktori`
--
ALTER TABLE `instruktori`
  ADD CONSTRAINT `instruktoriFK_korisnik` FOREIGN KEY (`korisnik_id`) REFERENCES `korisnik` (`korisnik_id`);

--
-- Constraints for table `instruktorovipredmeti`
--
ALTER TABLE `instruktorovipredmeti`
  ADD CONSTRAINT `instruktorovipredmeti_ibfk_1` FOREIGN KEY (`instruktor_id`) REFERENCES `instruktori` (`instruktor_id`),
  ADD CONSTRAINT `instruktorovipredmeti_ibfk_2` FOREIGN KEY (`predmet_id`) REFERENCES `predmeti` (`predmet_id`);

--
-- Constraints for table `korisnik`
--
ALTER TABLE `korisnik`
  ADD CONSTRAINT `korisnik_ibfk_1` FOREIGN KEY (`status_korisnika`) REFERENCES `statuskorisnika` (`status_id`),
  ADD CONSTRAINT `korisnik_ibfk_2` FOREIGN KEY (`mjesto`) REFERENCES `gradovi` (`grad_id`);

--
-- Constraints for table `predmetizahtjeva`
--
ALTER TABLE `predmetizahtjeva`
  ADD CONSTRAINT `FK_predmet` FOREIGN KEY (`predmet_id`) REFERENCES `predmeti` (`predmet_id`),
  ADD CONSTRAINT `FK_zahtjev` FOREIGN KEY (`zahtjev_id`) REFERENCES `zahtjevzainstruktora` (`zahtjev_id`);

--
-- Constraints for table `prijavarecenzije`
--
ALTER TABLE `prijavarecenzije`
  ADD CONSTRAINT `FK_prijavioKorisnik` FOREIGN KEY (`prijavioKorisnik`) REFERENCES `korisnik` (`korisnik_id`),
  ADD CONSTRAINT `FK_recenzije` FOREIGN KEY (`prijavljenaRecenzija`) REFERENCES `recenzije` (`recenzija_id`);

--
-- Constraints for table `recenzije`
--
ALTER TABLE `recenzije`
  ADD CONSTRAINT `recenzije_ibfk_1` FOREIGN KEY (`zaKorisnika`) REFERENCES `korisnik` (`korisnik_id`),
  ADD CONSTRAINT `recenzije_ibfk_2` FOREIGN KEY (`odKorisnika`) REFERENCES `korisnik` (`korisnik_id`);

--
-- Constraints for table `skripte`
--
ALTER TABLE `skripte`
  ADD CONSTRAINT `skripte_ibfk_1` FOREIGN KEY (`korisnik_id`) REFERENCES `korisnik` (`korisnik_id`),
  ADD CONSTRAINT `skripte_ibfk_2` FOREIGN KEY (`predmet_id`) REFERENCES `predmeti` (`predmet_id`);

--
-- Constraints for table `zahtjevzainstruktora`
--
ALTER TABLE `zahtjevzainstruktora`
  ADD CONSTRAINT `FK_korisnik` FOREIGN KEY (`korisnik_id`) REFERENCES `korisnik` (`korisnik_id`),
  ADD CONSTRAINT `FK_status` FOREIGN KEY (`status_id`) REFERENCES `statuskorisnika` (`status_id`);
COMMIT;

/*!40101 SET CHARACTER_SET_CLIENT=@OLD_CHARACTER_SET_CLIENT */;
/*!40101 SET CHARACTER_SET_RESULTS=@OLD_CHARACTER_SET_RESULTS */;
/*!40101 SET COLLATION_CONNECTION=@OLD_COLLATION_CONNECTION */;
